{"cameraMode":{"drawMode":0,"name":"Shaded","section":"Shading Mode"},"sceneLighting":true,"audioPlay":false,"sceneViewState":{"m_AlwaysRefresh":false,"showFog":true,"showSkybox":true,"showFlares":true,"showImageEffects":true,"showParticleSystems":true,"showVisualEffectGraphs":true,"m_FxEnabled":true},"in2DMode":false,"pivot":{"x":-4.3000030517578129,"y":0.10000000149011612,"z":4.6999969482421879},"rotation":{"x":0.07327034324407578,"y":-0.5262478590011597,"z":0.04558025673031807,"w":0.8459426760673523},"size":19.48661994934082,"orthographic":true}